product_name,brand,discounted_price,original_price,size,unit,product_url,std_size,std_unit,price_per_unit
IFFCO Nano DAP Fertilizer,IFFCO,249,350,250.0,ml,https://www.kisanshop.in/browse/fertilizers/product/iffco-nano-dap-fertilizer,0.25,l,996.0
Coromandel Gromor Nano DAP Fertilizer,Coromandel,390,600,1.0,l,https://www.kisanshop.in/browse/fertilizers/product/coromandel-gromor-nano-dap-fertilizer,1.0,l,390.0
Iffco Nano Urea Liquid,Iffco,219,225,500.0,ml,https://www.kisanshop.in/browse/fertilizers/product/iffco-nano-urea-liquid,0.5,l,438.0
IFFCO Sagarika Bio Stimulant,IFFCO,285,285,500.0,ml,https://www.kisanshop.in/browse/fertilizers/product/iffco-sagarika-bio-stimulant,0.5,l,570.0
Aries Majorsol Wheat Fertilizer,Aries,555,616,1.0,kg,https://www.kisanshop.in/browse/fertilizers/product/aries-majorsol-wheat-fertilizer,1.0,kg,555.0
Swal Wuxal Macromix Fertiliser,Swal,680,1200,500.0,ml,https://www.kisanshop.in/browse/fertilizers/product/swal-wuxal-macromix-fertiliser,0.5,l,1360.0
Coromandel N:P: K 0:52:34 Fertilizer,Coromandel,370,370,1.0,kg,https://www.kisanshop.in/browse/fertilizers/product/coromandel-n-p-k-0-52-34-fertilizer,1.0,kg,370.0
Swal Bio Classic (Amino Acid) Bio Stimulant,Swal,290,400,40.0,ml,https://www.kisanshop.in/browse/fertilizers/product/swal-bio-classic-amino-acid-bio-stimulant,0.04,l,7250.0
Katyayani Activated Humic Acid + Fulvic Acid 98% Fertilizer,Katyayani,349,450,400.0,g,https://www.kisanshop.in/browse/fertilizers/product/katyayani-activated-humic-acid-fulvic-acid-98-fertilizer,0.4,kg,872.5
Aries FertiMax HD NPK 00:00:50 Fertilizer,Aries,210,220,200.0,g,https://www.kisanshop.in/browse/fertilizers/product/aries-fertimax-hd-npk-00-00-50-fertilizer,0.2,kg,1050.0
Aries Agromin Max Micronutrient Fertilizer,Aries,449,478,500.0,g,https://www.kisanshop.in/browse/fertilizers/product/aries-agromin-max-micronutrient-fertilizer,0.5,kg,898.0
PI Biovita Liquid – Seaweed Extract Bio-Stimulant,PI,180,182,100.0,ml,https://www.kisanshop.in/browse/fertilizers/product/pi-biovita-liquid-seaweed-extract-biostimulant,0.1,l,1800.0
BASF Librel TMX2 Chelated Multi-Micronutrient,BASF,719,786,500.0,g,https://www.kisanshop.in/browse/fertilizers/product/basf-librel-tmx2-chelated-multimicronutrient,0.5,kg,1438.0
HPM 24 Karat Gibberellic Acid 0.001% L Plant Growth,HPM,120,140,100.0,ml,https://www.kisanshop.in/browse/fertilizers/product/hpm-24-karat-gibberellic-acid-0001-l-plant-growth,0.1,l,1200.0
Mahindra Solfert NPK 05:55:17 + Nutrients,Mahindra,412,500,1.0,kg,https://www.kisanshop.in/browse/fertilizers/product/mahindra-solfert-npk-055517-nutrients,1.0,kg,412.0
Bayer Ethrel Ethephon 39% SL Fertilizer,Bayer,999,1800,500.0,ml,https://www.kisanshop.in/browse/fertilizers/product/bayer-ethrel-ethephon-39-sl-fertilizer,0.5,l,1998.0
Coromandel 13:0:45 Fertilizer,Coromandel,250,270,1.0,kg,https://www.kisanshop.in/browse/fertilizers/product/coromandel-13-0-45-fertilizer,1.0,kg,250.0
Aries Fertimax NPK 12:61:00 Fertilizer,Aries,410,497,1.0,kg,https://www.kisanshop.in/browse/fertilizers/product/aries-fertimax-npk-12-61-00-fertilizer,1.0,kg,410.0
Multiplex Potato Multimicro Nutrient Fertilizer,Multiplex,115,115,250.0,g,https://www.kisanshop.in/browse/fertilizers/product/multiplex-potato-multimicro-nutrient-fertilizer,0.25,kg,460.0
Shriram Sathi NPK 00:52:34 Fertilizer,Shriram,330,480,1.0,kg,https://www.kisanshop.in/browse/fertilizers/product/shriram-sathi-npk-00-52-34-fertilizer,1.0,kg,330.0
Aries Agro Agromin Gold Fertilizer,Aries,470,528,250.0,ml,https://www.kisanshop.in/browse/fertilizers/product/aries-agro-agromin-gold-fertilizer,0.25,l,1880.0
Multiplex Allbor Boron 20% Micro Nutrient Fertilizer,Multiplex,110,110,100.0,g,https://www.kisanshop.in/browse/fertilizers/product/multiplex-allbor-boron-20-micro-nutrient-fertilizer,0.1,kg,1100.0
Geolife Nanomeal Flora (For Flowering Stage),Geolife,267,395,250.0,g,https://www.kisanshop.in/browse/fertilizers/product/geolife-nanomeal-flora,0.25,kg,1068.0
Tropical Agro Tag Start NPK 25:16:12 With Micro Nutrients Fertilizer,Tropical,439,500,100.0,g,https://www.kisanshop.in/browse/fertilizers/product/tropical-agro-tag-start-npk-25-16-12-with-micro-nutrients-fertilizer,0.1,kg,4390.0
Tropical Agro Tag Topper Fertilizer,Tropical,439,500,100.0,g,https://www.kisanshop.in/browse/fertilizers/product/tropical-agro-tag-topper-fertilizer,0.1,kg,4390.0
Aries Boron 20 Micronutrient Fertilizer,Aries,270,283,250.0,g,https://www.kisanshop.in/browse/fertilizers/product/aries-boron-20-micronutrient-fertilizer,0.25,kg,1080.0
Damman BIO-R303+ Botanical Extract Biostimulant,Damman,275,284,50.0,ml,https://www.kisanshop.in/browse/fertilizers/product/damman-bior303-botanical-extract-biostimulant,0.05,l,5500.0
Willowood Brand SL – Multi-Crop Growth,Willowood,399,520,100.0,ml,https://www.kisanshop.in/browse/fertilizers/product/willowood-brand-sl-multicrop-growth,0.1,l,3990.0
Aries Agro Combi Cal+ Calcium Nitrate Fertilizer,Aries,404,534,1.0,kg,https://www.kisanshop.in/browse/fertilizers/product/aries-agro-combi-cal-calcium-nitrate-fertilizer,1.0,kg,404.0
ICL NPK 08:00:47+7S FertiFlow Potassium Fertilizer,ICL,270,375,1.0,kg,https://www.kisanshop.in/browse/fertilizers/product/icl-npk-0800477s-fertiflow-potassium-fertilizer,1.0,kg,270.0
BASF Meritor Fertilizer,BASF,460,480,250.0,ml,https://www.kisanshop.in/browse/fertilizers/product/basf-meritor-fertilizer,0.25,l,1840.0
JU Potash-2000 Organic Potassic Fertilizer,JU,489,657,180.0,g,https://www.kisanshop.in/browse/fertilizers/product/ju-potash2000-organic-potassic-fertilizer,0.18,kg,2716.666666666667
Coromandel Gromor Spray SOP (0:0:50) Fertlizer,Coromandel,240,250,1.0,kg,https://www.kisanshop.in/browse/fertilizers/product/coromandel-gromor-spray-sop-0-0-50-fertlizer,1.0,kg,240.0
Aries Chelamin Plus Fertilizer,Aries,294,295,100.0,g,https://www.kisanshop.in/browse/fertilizers/product/aries-chelamin-plus-fertilizer,0.1,kg,2940.0
Tropical Agro Nasa Organic Growth Manure,Tropical,390,400,1.0,kg,https://www.kisanshop.in/browse/fertilizers/product/tropical-agro-nasa-organic-growth-manure,1.0,kg,390.0
Multi Zinc Sulphate 33% Fertilizer,Multi,699,715,5.0,kg,https://www.kisanshop.in/browse/fertilizers/product/multi-zinc-sulphate-33-fertilizer,5.0,kg,139.8
Tata Rallis Nayazinc Fertilizer - Zinc Polyphoshate,Tata,820,828,1200.0,g,https://www.kisanshop.in/browse/fertilizers/product/tata-nayazinc-fertilizer,1.2,kg,683.3333333333334
IFFCO Sagarika + Trigun + All Rounder Plus Combo Fertilizer,IFFCO,825,825,500.0,ml,https://www.kisanshop.in/browse/fertilizers/product/iffco-sagarika-trigun-all-rounder-plus-combo-fertilizer,0.5,l,1650.0
Ju Ecomax+ Mycorrhizal Bio-Fertilizer,Ju,899,1540,4.0,kg,https://www.kisanshop.in/browse/fertilizers/product/ju-ecomax-mycorrhizal-biofertilizer,4.0,kg,224.75
Geolife No Virus Chilli Special Organic Fertilizer,Geolife,309,492,250.0,ml,https://www.kisanshop.in/browse/fertilizers/product/geolife-no-virus-chilli-special-botanical-anti-virus,0.25,l,1236.0
Coromandel Folibor Boron 20% Fertilizer,Coromandel,490,550,1.0,kg,https://www.kisanshop.in/browse/fertilizers/product/coromandel-folibor-boron-20-fertilizer,1.0,kg,490.0
Tata Rallis Solubor Boron 20% Micronutrient Fertilizer,Tata,590,660,1.0,kg,https://www.kisanshop.in/browse/fertilizers/product/tata-rallis-solubor-boron-20-micronutrient-fertilizer,1.0,kg,590.0
Biowall Pluse NPK 13:40:13 Water Soluble Fertilizer,Biowall,150,160,250.0,g,https://www.kisanshop.in/browse/fertilizers/product/biowall-pluse-npk-134013-water-soluble-fertilizer,0.25,kg,600.0
Shriram Poshak NPK 19:19:19 Fertilizer,Shriram,300,375,1.0,kg,https://www.kisanshop.in/browse/fertilizers/product/shriram-poshak-npk-19-19-19-fertilizer,1.0,kg,300.0
Aries Fertimax 13:00:45 Fertilizer,Aries,379,741,1.0,kg,https://www.kisanshop.in/browse/fertilizers/product/aries-fertimax-13-00-45-fertilizer,1.0,kg,379.0
Silver Crop Humisil (Humic Acid 98% ) Shiny Flakes Fertilizer,Silver,170,220,100.0,g,https://www.kisanshop.in/browse/fertilizers/product/silver-crop-humisil-humic-acid-98percent-shiny-flakes-fertilizer,0.1,kg,1700.0
Nova PeaK 0-52-34 Fertilizer,Nova,360,450,1.0,kg,https://www.kisanshop.in/browse/fertilizers/product/nova-peak-05234-fertilizer,1.0,kg,360.0
Fertimax NPK 13:40:13 - 100% Water Soluble Fertilzer,Fertimax,370,741,1.0,kg,https://www.kisanshop.in/browse/fertilizers/product/fertimax-npk-134013-100-water-soluble-fertilzer,1.0,kg,370.0
Crystal Blue Copper Fungicide,Crystal,570,725,500.0,g,https://www.kisanshop.in/browse/fertilizers/product/crystal-blue-copper-fungicide,0.5,kg,1140.0
Yara YaraLiva Nitrabor Fertilizer,Yara,3025,4000,25.0,kg,https://www.kisanshop.in/browse/fertilizers/product/yara-yaraliva-nitrabor-fertilizer,25.0,kg,121.0
Multiplex Pramukh 19:19:19 NPK Fertilizer,Multiplex,195,195,500.0,g,https://www.kisanshop.in/browse/fertilizers/product/multiplex-pramukh-191919-npk-fertilizer,0.5,kg,390.0
Katyayani Boron 20% EDTA Fertilizer,Katyayani,259,484,30.0,g,https://www.kisanshop.in/browse/fertilizers/product/katyayani-boron-20-edta-fertilizer,0.03,kg,8633.333333333334
IFFCO Trigun 3-in-1 Bio-Fungicidal,IFFCO,270,270,500.0,ml,https://www.kisanshop.in/browse/fertilizers/product/iffco-trigun-3in1-biofungicidal,0.5,l,540.0
Geolife No Virus TC - Organic Fertilizer,Geolife,317,488,250.0,ml,https://www.kisanshop.in/browse/fertilizers/product/geolife-no-virus-tc-botanical-anti-viral,0.25,l,1268.0
Geolife Vigore Raja - Enhanced Crop Growth and Yield Booster,Geolife,323,547,100.0,g,https://www.kisanshop.in/browse/fertilizers/product/geolife-vigore-raja,0.1,kg,3230.0
Geolife Tabsil (FA) Potash Fortified With Silicon Fertilizer,Geolife,344,438,100.0,g,https://www.kisanshop.in/browse/fertilizers/product/geolife-tabsil-potash-fortified-with-silicon-fertilizer,0.1,kg,3440.0
Aries Agro Chelamin Gold Fertilizer,Aries,470,511,250.0,g,https://www.kisanshop.in/browse/fertilizers/product/aries-agro-chelamin-gold-fertilizer,0.25,kg,1880.0
Coromandel Summit Chelated Multi Micronutrient Fertilizer,Coromandel,499,620,500.0,g,https://www.kisanshop.in/browse/fertilizers/product/coromandel-summit-chelated-multi-micronutrient-fertilizer,0.5,kg,998.0
Uttam Sulfino Gold Sulphur 90% WG Micronutrient Fertilizer,Uttam,540,660,3.0,kg,https://www.kisanshop.in/browse/fertilizers/product/uttam-sulfino-gold-sulphur-fertilizer,3.0,kg,180.0
Aries Agro Chelafer EDTA Ferrous 12% Fertilizer,Aries,599,636,250.0,g,https://www.kisanshop.in/browse/fertilizers/product/aries-agro-chelafer-edta-ferrous-12-fertilizer,0.25,kg,2396.0
Cadagro kalasena,Cadagro,780,995,1.0,kg,https://www.kisanshop.in/browse/fertilizers/product/cadagro-kalasena,1.0,kg,780.0
Smg Corporation Black Magic Fertilizer,Smg,870,1750,1.0,kg,https://www.kisanshop.in/browse/fertilizers/product/smg-corporation-black-magic-fertilizer,1.0,kg,870.0
Mitrasena Quikbreak Organic Waste Decomposer,Mitrasena,125,125,100.0,g,https://www.kisanshop.in/browse/fertilizers/product/mitrasena-quikbreak-organic-waste-decomposer,0.1,kg,1250.0
Geolife NutriFert 19:19:19 Fertilizer,Geolife,183,251,200.0,g,https://www.kisanshop.in/browse/fertilizers/product/geolife-nutrifert-19-19-19-fertilizer,0.2,kg,915.0
Aries Fertimax Npk 13:00:45 Fertilizer,Aries,210,235,200.0,g,https://www.kisanshop.in/browse/fertilizers/product/aries-fertimax-npk-13-00-45-fertilizer,0.2,kg,1050.0
Multiplex General Liquid Micronutrient Fertilizer,Multiplex,290,295,500.0,ml,https://www.kisanshop.in/browse/fertilizers/product/multiplex-general-liquid-micronutrient-fertilizer,0.5,l,580.0
Aries Fertimax NPK 00:52:34 Fertilizer,Aries,320,360,200.0,g,https://www.kisanshop.in/browse/fertilizers/product/aries-fertimax-npk-00-52-34-fertilizer,0.2,kg,1600.0
Geolife No Virus Organic Fertilizer,Geolife,330,427,250.0,ml,https://www.kisanshop.in/browse/fertilizers/product/geolife-no-virus-organic-fertilizer,0.25,l,1320.0
Katyayani NPK 13 40 13 | Fertilizer,Katyayani,413,970,1.0,kg,https://www.kisanshop.in/browse/fertilizers/product/katyayani-npk-13-40-13-or-fertilizer,1.0,kg,413.0
Katyayani NPK 19 19 19 100% Water Soluble Fertilizer,Katyayani,429,664,1.0,kg,https://www.kisanshop.in/browse/fertilizers/product/katyayani-npk-19-19-19-100percent-water-soluble-fertilizer,1.0,kg,429.0
IIL Prime Gold Gibberellic Acid 0.001% L- PGR,IIL,484,950,1.0,l,https://www.kisanshop.in/browse/fertilizers/product/iil-prime-gold-gibberellic-acid-0001-l-pgr,1.0,l,484.0
Coromandel Gromor 13:00:45 Potassium Nitrate Fertilizer,Coromandel,539,540,2.0,kg,https://www.kisanshop.in/browse/fertilizers/product/coromandel-gromor-130045-potassium-nitrate-fertilizer,2.0,kg,269.5
Aries Agro Ferti Max NPK 00:52:34 Fertilizer,Aries,544,1023,1.0,kg,https://www.kisanshop.in/browse/fertilizers/product/aries-agro-ferti-max-npk-005234-fertilizer,1.0,kg,544.0
Ingene Nanozim Xtrude Granules Bio-Stimulant,Ingene,999,1037,6.0,kg,https://www.kisanshop.in/browse/fertilizers/product/ingene-nanozim-xtrude-granules-biostimulant,6.0,kg,166.5
Sulphur Mills Techno-Z Fertilizer - Sulphur 67% + Zinc 14% WDG,Sulphur,1109,1164,4.0,kg,https://www.kisanshop.in/browse/fertilizers/product/sulphur-mills-techno-z-fertilizer,4.0,kg,277.25
Geolife Nutri Fert 00:00:50 Potassium Sulphate Fertilizer,Geolife,174,241,200.0,g,https://www.kisanshop.in/browse/fertilizers/product/geolife-nutri-fert-00-00-50-potassium-sulphate-fertilizer,0.2,kg,870.0
Almighty Bonus Boron 20% Micronutrient Fertilizer,Almighty,190,260,250.0,g,https://www.kisanshop.in/browse/fertilizers/product/almighty-bonus-boron-20-micronutrient-fertilizer,0.25,kg,760.0
Anmol 19-19-19 Microfood Mixture for Garden Plants,Anmol,199,240,1.0,kg,https://www.kisanshop.in/browse/fertilizers/product/anmol-191919-microfood-mixture-for-garden-plants,1.0,kg,199.0
Coromandel Novozin Fertilizer,Coromandel,230,248,200.0,g,https://www.kisanshop.in/browse/fertilizers/product/coromandel-novozin-fertilizer,0.2,kg,1150.0
Bharat Certis Blisan Triacontanol 0.1% EW Fertilizer,Bharat,240,240,500.0,ml,https://www.kisanshop.in/browse/fertilizers/product/bharat-certis-blisan-triacontanol-01-ew-fertilizer,0.5,l,480.0
Sulphur Mills Probor Fertilizer,Sulphur,250,250,500.0,g,https://www.kisanshop.in/browse/fertilizers/product/sulphur-mills-probor-fertilizer,0.5,kg,500.0
Multiplex Nitrocal Calcium Nitrate Fertilizer,Multiplex,260,300,1.0,kg,https://www.kisanshop.in/browse/fertilizers/product/multiplex-nitrocal-calcium-nitrate-fertilizer,1.0,kg,260.0
Hifield Lihoguard Chlormequat Chloride 50% SL Fertilizers,Hifield,260,350,250.0,ml,https://www.kisanshop.in/browse/fertilizers/product/hifield-lihoguard-50-sl,0.25,l,1040.0
Mitrasena Green Wet Adjuvants,Mitrasena,315,400,250.0,ml,https://www.kisanshop.in/browse/fertilizers/product/mitrasena-green-wet-adjuvants,0.25,l,1260.0
ICL Select NOP NK 13:00:45 Potassium Nitrate Fertilizer,ICL,320,360,1.0,kg,https://www.kisanshop.in/browse/fertilizers/product/icl-select-nop-nk-130045-potassium-nitrate-fertilizer,1.0,kg,320.0
Multiplex Trishakthi Fertilizer,Multiplex,320,325,1.0,kg,https://www.kisanshop.in/browse/fertilizers/product/multiplex-trishakthi-fertilizer,1.0,kg,320.0
Coromandel Gromor Insta NPK 28:28:0 Fertilizer,Coromandel,330,330,1.0,kg,https://www.kisanshop.in/browse/fertilizers/product/coromandel-gromor-28-28-0-fertilizer,1.0,kg,330.0
Geolife Nutri Fert (00:52:34) Macro Nutrients Fertilizers,Geolife,357,357,200.0,g,https://www.kisanshop.in/browse/fertilizers/product/geolife-nutri-fert-00-52-34-macro-nutrients-fertilizers,0.2,kg,1785.0
Shriram Map NPK 12:61:00 Fertilizer,Shriram,369,400,1.0,kg,https://www.kisanshop.in/browse/fertilizers/product/shriram-map-npk-12-61-00-fertilizer,1.0,kg,369.0
Katyayani Premium Rock Phosphate Fertilizer,Katyayani,370,433,950.0,g,https://www.kisanshop.in/browse/fertilizers/product/katyayani-premium-rock-phosphate-fertilizer,0.95,kg,389.4736842105264
Multiplex NP-Plus Npk 12:61:00 Fertilizer,Multiplex,380,390,1.0,kg,https://www.kisanshop.in/browse/fertilizers/product/multiplex-np-plus-npk-126100-fertilizer,1.0,kg,380.0
Mahindra Solfert Ripo NPKS 05:05:46:09 + Nutrients Fertilizer,Mahindra,400,500,1.0,kg,https://www.kisanshop.in/browse/fertilizers/product/mahindra-solfert-ripo-npks-05054609-nutrients-fertilizer,1.0,kg,400.0
Shri Siddhi Shri Zinc Fertilizer,Shri,405,405,5.0,kg,https://www.kisanshop.in/browse/fertilizers/product/shri-siddhi-shri-zinc-fertilizer,5.0,kg,81.0
ICL 00-49-32 Fertilizer,ICL,440,500,1.0,kg,https://www.kisanshop.in/browse/fertilizers/product/icl-00-49-32-fertilizer,1.0,kg,440.0
Biofix Carbox Liquid Fermented Organic Manure Fertilizer,Biofix,470,480,500.0,g,https://www.kisanshop.in/browse/fertilizers/product/biofix-carbox-liquid-fermented-organic-manure-fertilizer,0.5,kg,940.0
Katyayani Mix Micronutrient Super Micronutrient Fertilizer,Katyayani,490,759,100.0,g,https://www.kisanshop.in/browse/fertilizers/product/katyayani-mix-micronutrient-super,0.1,kg,4900.0
Aries Mag Mix Magnesium Sulphate  Fertilizer,Aries,499,534,5.0,kg,https://www.kisanshop.in/browse/fertilizers/product/aries-mag-mix-magnesium-sulphate-fertilizer,5.0,kg,99.8
Aries Ari Potash Mixed Macronutrient Fertilizer,Aries,619,638,500.0,ml,https://www.kisanshop.in/browse/fertilizers/product/aries-ari-potash-mixed-macronutrient-fertilizer,0.5,l,1238.0
BASF Librel Zn Fertilizer,BASF,650,810,500.0,g,https://www.kisanshop.in/browse/fertilizers/product/basf-librel-zn-fertilizer,0.5,kg,1300.0
Tropical Agro Nano Cal Fertilizer,Tropical,785,813,500.0,ml,https://www.kisanshop.in/browse/fertilizers/product/tropical-agro-nano-cal-fertilizer,0.5,l,1570.0
Geolife Nutri Fert (17:44:00) Urea Phosphate Fertilizer,Geolife,893,1000,1.0,kg,https://www.kisanshop.in/browse/fertilizers/product/geolife-nutri-fert-17-44-00-urea-phosphate-fertilizer,1.0,kg,893.0
Geolife Fullmeal Soil Health 500gm/Acre,Geolife,1001,1645,500.0,g,https://www.kisanshop.in/browse/fertilizers/product/geolife-fullmeal-soil-health-500gm-acre,0.5,kg,2002.0
Shriram Prabal NPK 13:00:45 Fertilizer,Shriram,1029,1280,5.0,kg,https://www.kisanshop.in/browse/fertilizers/product/shriram-prabal-npk-130045-fertilizer,5.0,kg,205.8
Katyayani NPK 12:61:00 Fertilizer,Katyayani,1100,2544,9.0,kg,https://www.kisanshop.in/browse/fertilizers/product/katyayani-npk-12-61-00-fertilizer,9.0,kg,122.22222222222224
PI Aminogrow Activ by PI Industries Biostimulant,PI,1179,1560,1000.0,ml,https://www.kisanshop.in/browse/fertilizers/product/pi-aminogrow-activ-by-pi-industries-biostimulant,1.0,l,1179.0
Geolife Nano Mg Micro Nutrient Fertilizer,Geolife,126,195,50.0,g,https://www.kisanshop.in/browse/fertilizers/product/geolife-nano-mg-micro-nutrient-fertilizer,0.05,kg,2520.0
Geolife Nano Mn Nutrient Fertilizer,Geolife,153,254,50.0,g,https://www.kisanshop.in/browse/fertilizers/product/geolife-nano-mn-nutrient-fertilizer,0.05,kg,3060.0
Nano Fe Micro Nutrient Fertilizer,Nano,155,260,50.0,g,https://www.kisanshop.in/browse/fertilizers/product/nano-fe-micro-nutrient-fertilizer,0.05,kg,3100.0
Stickon Organic Liquid Fertilizer And Plant Growth Promoter,Stickon,160,178,50.0,ml,https://www.kisanshop.in/browse/fertilizers/product/stickon-organic-liquid-fertilizer-and-plant-growth-promoter,0.05,l,3200.0
A-Humisine Plant Growth Promoter Fertilizers,A-Humisine,160,171,250.0,ml,https://www.kisanshop.in/browse/fertilizers/product/ahumisine-plant-growth-promoter-fertilizers,0.25,l,640.0
Mitrasena Nirman 22:10:08 Water-Soluble NPK Fertilizer,Mitrasena,160,160,250.0,g,https://www.kisanshop.in/browse/fertilizers/product/mitrasena-nirman-22-10-08-water-soluble-npk-fertilizer,0.25,kg,640.0
Hifield Bacto Boom AminoBoost 2% Bio Stimulant,Hifield,170,230,250.0,ml,https://www.kisanshop.in/browse/fertilizers/product/hifield-bacto-boom-aminoboost-2-bio-stimulant,0.25,l,680.0
Anmol Biotech Green Grow Plant Growth Regulator,Anmol,170,175,100.0,ml,https://www.kisanshop.in/browse/fertilizers/product/anmol-biotech-green-grow-plant-growth-regulator,0.1,l,1700.0
Silver Rut Care Organic Powder Fertilizer,Silver,170,173,100.0,g,https://www.kisanshop.in/browse/fertilizers/product/silver-rut-care-organic-powder-fertilizer,0.1,kg,1700.0
Biofix Libra Bio-Stimulant,Biofix,176,180,50.0,ml,https://www.kisanshop.in/browse/fertilizers/product/biofix-libra-biostimulant,0.05,l,3520.0
M.D Biocoals Master Gold Liquid Bio Fertilizer,M.D,178,180,50.0,g,https://www.kisanshop.in/browse/fertilizers/product/md-biocoals-master-gold-liquid-bio-fertilizer,0.05,kg,3560.0
Mitrasena KingSize 08:10:33 Fertilizer,Mitrasena,180,180,250.0,g,https://www.kisanshop.in/browse/fertilizers/product/mitrasena-kingsize-08-10-33-fertilizer,0.25,kg,720.0
Geolife Nutrifert 13:00:45 Nitrogen & Potassium Fertilizer,Geolife,197,270,200.0,g,https://www.kisanshop.in/browse/fertilizers/product/geolife-nutrifert-13-00-45-nitrogen-and-potassium-fertilizer,0.2,kg,985.0
Geolife Nutri Fert 17:44:00 Fertilizer,Geolife,197,270,200.0,g,https://www.kisanshop.in/browse/fertilizers/product/geolife-nutri-fert-17-44-00-fertilizer,0.2,kg,985.0
Poorva Chelmix Combi Chelmix Combi Microutrient Fertilizer Mixture,Poorva,209,230,100.0,g,https://www.kisanshop.in/browse/fertilizers/product/poorva-chelmix-combi-chelmix-combi-microutrient-fertilizer-mixture,0.1,kg,2090.0
Hifield Flower Fix Plant Growth Regulators,Hifield,210,300,100.0,ml,https://www.kisanshop.in/browse/fertilizers/product/hifield-flower-fix-plant-growth-regulators,0.1,l,2100.0
Mitrasena Green Bloom Bio Fertilizer,Mitrasena,219,240,50.0,g,https://www.kisanshop.in/browse/fertilizers/product/mitrasena-green-bloom-bio-fertilizer,0.05,kg,4380.0
Geolife Zinker - Zinc Oxide Suspension Concentrate,Geolife,220,221,100.0,ml,https://www.kisanshop.in/browse/fertilizers/product/geolife-zinker-zinc-oxide-suspension-concentrate,0.1,l,2200.0
Geolife Nanomeal Grow (For Complete Growth Stage),Geolife,222,332,250.0,g,https://www.kisanshop.in/browse/fertilizers/product/geolife-nanomeal-grow,0.25,kg,888.0
Geolife Natural Cab Anti Cracking and Anti Rotting,Geolife,226,373,50.0,g,https://www.kisanshop.in/browse/fertilizers/product/geolife-natural-cab-anti-cracking-and-anti-rotting,0.05,kg,4520.0
Geolife Nanomeal Nourish (For Flowering and Fruiting Stage),Geolife,229,337,250.0,g,https://www.kisanshop.in/browse/fertilizers/product/geolife-nanomeal-nourish,0.25,kg,916.0
HIFIELD Flower Fix Fertilizer,HIFIELD,230,300,100.0,ml,https://www.kisanshop.in/browse/fertilizers/product/hifield-flower-fix-fertilizer,0.1,l,2300.0
Abhimanyu Jeevan Manganese Sulphate Micronutrient Fertilizer,Abhimanyu,230,230,1.0,kg,https://www.kisanshop.in/browse/fertilizers/product/abhimanyu-jeevan-manganese-sulphate,1.0,kg,230.0
Geolife Nanomeal Start (For Initial Growth Stage),Geolife,244,347,250.0,g,https://www.kisanshop.in/browse/fertilizers/product/geolife-nanomeal-start-for-initial-growth-stage,0.25,kg,976.0
Geolife Nanomeal Bloom (For Pre-flowering Stage),Geolife,246,351,250.0,g,https://www.kisanshop.in/browse/fertilizers/product/geolife-nanomeal-bloom,0.25,kg,984.0
Hifield SNP-Tonic Sodium Para-Nitro Phenolate 0.3% SL,Hifield,249,440,100.0,ml,https://www.kisanshop.in/browse/fertilizers/product/hifield-snptonic-sodium-paranitro-phenolate-03-sl,0.1,l,2490.0
Mitrasena MAC Poshak Organic Manure,Mitrasena,250,300,100.0,g,https://www.kisanshop.in/browse/fertilizers/product/mitrasena-mac-poshak-organic-manure,0.1,kg,2500.0
Mitrasena MAC Rakshak Organic Manure,Mitrasena,255,300,100.0,g,https://www.kisanshop.in/browse/fertilizers/product/mitrasena-mac-rakshak-organic-manure,0.1,kg,2550.0
Biofix Humi-Guard Plus Growth Stimulant,Biofix,258,260,250.0,ml,https://www.kisanshop.in/browse/fertilizers/product/biofix-humiguard-plus-growth-stimulant,0.25,l,1032.0
Mahindra Summit CN Prime Fertilizer,Mahindra,260,300,1.0,kg,https://www.kisanshop.in/browse/fertilizers/product/mahindra-summit-cn-prime-fertilizer,1.0,kg,260.0
RMPCL Mahaveera Fertilizer,RMPCL,260,260,500.0,g,https://www.kisanshop.in/browse/fertilizers/product/rmpcl-mahaveera-fertilizer,0.5,kg,520.0
Geolife Nanomeal Berry Fertilizer,Geolife,262,386,250.0,g,https://www.kisanshop.in/browse/fertilizers/product/geolife-nanomeal-berry-fertilizer,0.25,kg,1048.0
CL Water Soluble SOP 00:00:50 + 17.5S Potassium Sulphate Fertilizer,CL,270,375,1.0,kg,https://www.kisanshop.in/browse/fertilizers/product/cl-water-soluble-sop-000050-175s-potassium-sulphate-fertilizer,1.0,kg,270.0
Geolife Nano Combi Fertilizer,Geolife,274,301,50.0,g,https://www.kisanshop.in/browse/fertilizers/product/geolife-nano-combi-fertilizer,0.05,kg,5480.0
Biofix Sticker-85 Wetting Agents Fertilizer,Biofix,275,300,200.0,ml,https://www.kisanshop.in/browse/fertilizers/product/biofix-sticker85-wetting-agents-fertilizer,0.2,l,1375.0
Multiplex Manganese Micronutrient Fertilizer,Multiplex,280,295,1.0,kg,https://www.kisanshop.in/browse/fertilizers/product/multiplex-manganese-micronutrient-fertilizer,1.0,kg,280.0
Raj Agritech GroFast NPK 19:19:19 Fertilizer,Raj,280,290,1.0,kg,https://www.kisanshop.in/browse/fertilizers/product/raj-agritech-grofast-npk-191919-fertilizer,1.0,kg,280.0
Mosaic Reva Potassium Sulphate 0-0-50 Fertilizers,Mosaic,280,295,1.0,kg,https://www.kisanshop.in/browse/fertilizers/product/mosaic-reva-potassium-sulphate-0050-fertilizers,1.0,kg,280.0
Willowood Wilicon Plant Growth Fertilizers,Willowood,280,325,100.0,ml,https://www.kisanshop.in/browse/fertilizers/product/willowood-wilicon-plant-growth-fertilizers,0.1,l,2800.0
Katyayani Fe Eddha Iron Chelate Micronutrient,Katyayani,294,539,60.0,g,https://www.kisanshop.in/browse/fertilizers/product/katyayani-fe-eddha-iron-chelate-micronutrient,0.06,kg,4900.0
Katyayani Calsol Plus  Calcium 11% sc Fertilizer,Katyayani,299,438,100.0,ml,https://www.kisanshop.in/browse/fertilizers/product/katyayani-calsol-plus-calcium-fertilizer,0.1,l,2990.0
Step Grow Sai Root – Potassium Humate 98% Super Grade Organic Fertilizer,Step,299,400,500.0,g,https://www.kisanshop.in/browse/fertilizers/product/step-grow-sai-root-potassium-humate-grade-organic-fertilizer,0.5,kg,598.0
Crop Care Shiva Gold Xtra Plant Growth Regulator,Crop,299,400,500.0,ml,https://www.kisanshop.in/browse/fertilizers/product/crop-care-shiva-gold-xtra-plant-growth-regulator,0.5,l,598.0
Katyayani Seaweed Extract Fertilizer,Katyayani,299,398,250.0,ml,https://www.kisanshop.in/browse/fertilizers/product/katyayani-seaweed-extract-fertilizer,0.25,l,1196.0
Mitrasena MAC Super Biofertilizer,Mitrasena,300,300,100.0,g,https://www.kisanshop.in/browse/fertilizers/product/mitrasena-mac-super-biofertilizer,0.1,kg,3000.0
Biofix Prasarak Plus Wetting Agents Fertilizer,Biofix,300,310,100.0,ml,https://www.kisanshop.in/browse/fertilizers/product/biofix-prasarak-plus-wetting-agents-fertilizer,0.1,l,3000.0
Biofix Micro Kombi-L – Liquid Micronutrient Fertilizer,Biofix,310,310,500.0,ml,https://www.kisanshop.in/browse/fertilizers/product/biofix-micro-kombil-liquid-micronutrient-fertilizer,0.5,l,620.0
Katyayani YieldBor (Boron 10% sc) Liquid Fertilizer,Katyayani,315,350,100.0,ml,https://www.kisanshop.in/browse/fertilizers/product/katyayani-yieldbor-boron-liquid-fertilizer,0.1,l,3150.0
Dow Agrosciences Crop Max Plant Growth Simulator,Dow,320,340,100.0,ml,https://www.kisanshop.in/browse/fertilizers/product/dow-agrosciences-crop-max-plant-growth-simulator,0.1,l,3200.0
Coromandel GROMOR AcuSpray CEREAL SP NPK 12:00:35:1:0.3 Fertilizer,Coromandel,320,360,1.0,kg,https://www.kisanshop.in/browse/fertilizers/product/coromandel-gromor-acuspray-cereal-sp-npk-120035103-fertilizer,1.0,kg,320.0
Mosaic Reva NPK 19-19-19 – Starter Grade Balanced Fertilizer,Mosaic,320,350,1.0,kg,https://www.kisanshop.in/browse/fertilizers/product/mosaic-reva-npk-191919-fertilizer,1.0,kg,320.0
Step Organica Step Grow - B Micronutrient Fertilizer,Step,329,520,500.0,g,https://www.kisanshop.in/browse/fertilizers/product/step-organica-step-grow-b-micronutrient-fertilizer,0.5,kg,658.0
Silver Crop ISRO Organic Manure,Silver,340,590,1.0,kg,https://www.kisanshop.in/browse/fertilizers/product/silver-crop-isro-organic-manure,1.0,kg,340.0
Multiplex Ruby Fe Ferrous EDTA 12% Fertilizer,Multiplex,340,400,250.0,g,https://www.kisanshop.in/browse/fertilizers/product/multiplex-ruby-fe-ferrous-edta-12-fertilizer,0.25,kg,1360.0
Metro Mix Organic Powder Fertilizer & Plant Growth Promoter,Metro,340,374,100.0,g,https://www.kisanshop.in/browse/fertilizers/product/metro-mix-organic-powder-fertilizer-plant-growth-promoter,0.1,kg,3400.0
Silver Crop Silver Tonic (Organic Manure),Silver,340,648,1.0,l,https://www.kisanshop.in/browse/fertilizers/product/silver-crop-silver-tonic-organic-manure,1.0,l,340.0
Abhimanyu Calcium Chloride – Superfine Quality for Foliar Spray,Abhimanyu,340,346,2.0,kg,https://www.kisanshop.in/browse/fertilizers/product/abhimanyu-calcium-chloride,2.0,kg,170.0
Biofix Kito Star Bio-Stimulant,Biofix,340,350,100.0,ml,https://www.kisanshop.in/browse/fertilizers/product/biofix-kito-star-biostimulant,0.1,l,3400.0
ICL Select MAP NP 12:61:0 Fertilizers,ICL,350,360,1.0,kg,https://www.kisanshop.in/browse/fertilizers/product/icl-select-map-np-12610-fertilizers,1.0,kg,350.0
Shriram SPRAYIT Solanaceae NPK 15:10:30 + 4% S + TE Foliar Nutrient,Shriram,350,450,1.0,kg,https://www.kisanshop.in/browse/fertilizers/product/shriram-sprayit-solanaceae-npk-151030-4-s-te-foliar-nutrient,1.0,kg,350.0
Shri Siddhi Black Gold Fertilizer,Shri,351,351,500.0,ml,https://www.kisanshop.in/browse/fertilizers/product/shri-siddhi-black-gold-fertilizer,0.5,l,702.0
Sudo Force(Pseudomonas Fleuorescens) Bio pesticide,Sudo,359,555,100.0,g,https://www.kisanshop.in/browse/fertilizers/product/sudo-force-pseudomonas-fleuorescens-bio-pesticide,0.1,kg,3590.0
Katyayani Epsom Salt Fertilizer,Katyayani,363,688,950.0,g,https://www.kisanshop.in/browse/fertilizers/product/katyayani-epsom-salt-fertilizer,0.95,kg,382.10526315789474
Geolife Vigore Superior Organic Yield Enhancer,Geolife,367,532,100.0,g,https://www.kisanshop.in/browse/fertilizers/product/vigore-superior-organic-yield-enhancer,0.1,kg,3670.0
Katyayani Enriched Vermicompost Fertilizer,Katyayani,380,405,950.0,g,https://www.kisanshop.in/browse/fertilizers/product/katyayani-enriched-vermicompost-fertilizer,0.95,kg,400.0
Aries Chelacop Cu EDTA 7.5% Fertilizers,Aries,400,408,250.0,g,https://www.kisanshop.in/browse/fertilizers/product/aries-chelacop-cu-edta-fertilizers,0.25,kg,1600.0
Active Organic Liquid Fertilizer And Plant Growth Promoter,Active,400,466,100.0,ml,https://www.kisanshop.in/browse/fertilizers/product/active-organic-liquid-fertilizer-and-plant-growth-promoter,0.1,l,4000.0
Katyayani K-Ortho Orthosilicic Acid (OSA) 2% Fertilizer,Katyayani,400,680,250.0,ml,https://www.kisanshop.in/browse/fertilizers/product/katyayani-k-ortho-orthosilicic-acid-osa-2percent-fertilizer,0.25,l,1600.0
Aries Macrofert Npk 20:20:20 Water Soluble Fertilizer,Aries,407,407,1.0,kg,https://www.kisanshop.in/browse/fertilizers/product/aries-macrofert-npk-20-20-20-water-soluble-fertilizer,1.0,kg,407.0
Mitrasena r-jaal-VAM Biofertilizer,Mitrasena,410,410,1.0,kg,https://www.kisanshop.in/browse/fertilizers/product/mitrasena-r-jaal-vam-biofertilizer,1.0,kg,410.0
Katyayani NPK 13 00 45 Fertilizer,Katyayani,419,464,1.0,kg,https://www.kisanshop.in/browse/fertilizers/product/katyayani-npk-13-00-45-fertilizer,1.0,kg,419.0
Aries AriPotash Liquid Fertilizer,Aries,420,638,500.0,ml,https://www.kisanshop.in/browse/fertilizers/product/aries-aripotash-liquid-fertilizer,0.5,l,840.0
Katyayani Potassium Sulfate Fertilizer,Katyayani,428,490,900.0,g,https://www.kisanshop.in/browse/fertilizers/product/katyayani-potassium-sulfate-fertilizer,0.9,kg,475.55555555555554
Katyayani Bio Npk Consortia Powder Fertilizer,Katyayani,432,629,1.0,kg,https://www.kisanshop.in/browse/fertilizers/product/katyayani-bio-npk-consortia-powder-fertilizer,1.0,kg,432.0
Step Grow Silcure Micro Nutrients Fertilizer,Step,449,585,250.0,ml,https://www.kisanshop.in/browse/fertilizers/product/step-grow-silcure-micro-nutrients-fertilizer,0.25,l,1796.0
Mahindra Summit Solfert 00:52:34 Fertilizers,Mahindra,450,500,1.0,kg,https://www.kisanshop.in/browse/fertilizers/product/mahindra-summit-solfert-005234-fertilizers,1.0,kg,450.0
Katyayani Flowering Fertilizer Booster,Katyayani,451,748,250.0,ml,https://www.kisanshop.in/browse/fertilizers/product/katyayani-flowering-fertilizer-booster,0.25,l,1804.0
Mitrasena Kamal Fertilizer,Mitrasena,460,500,1.0,l,https://www.kisanshop.in/browse/fertilizers/product/mitrasena-kamal-fertilizer,1.0,l,460.0
Mosaic Magna Zinc Liquid Fertilizer,Mosaic,460,575,250.0,ml,https://www.kisanshop.in/browse/fertilizers/product/mosaic-magna-zinc-liquid-fertilizer,0.25,l,1840.0
GBL Root + Mycoriza Biofertilizer,GBL,470,850,100.0,g,https://www.kisanshop.in/browse/fertilizers/product/gbl-root-mycoriza-biofertilizer,0.1,kg,4700.0
Katyayani NPK 00 00 23 Fertilizer,Katyayani,470,790,1.0,kg,https://www.kisanshop.in/browse/fertilizers/product/katyayani-npk-00-00-23-fertilizer,1.0,kg,470.0
Katyayani Copper EDTA + Molybdenum Micronutrient Fertilizer,Katyayani,480,850,70.0,g,https://www.kisanshop.in/browse/fertilizers/product/katyayani-copper-edta-molybdenum-fertilizer,0.07,kg,6857.142857142857
Katyayani Epsom Salt Sulphate Fertilizer,Katyayani,490,688,950.0,g,https://www.kisanshop.in/browse/fertilizers/product/katyayani-epsom-salt-sulphate-fertilizer,0.95,kg,515.7894736842105
Multiplex Multi-PK 00:52:34 Fertilizer,Multiplex,490,585,1.0,kg,https://www.kisanshop.in/browse/fertilizers/product/multiplex-multipk-005234-fertilizer,1.0,kg,490.0
Sai Power Plus Granules Organic Fertilizer,Sai,490,600,1.0,kg,https://www.kisanshop.in/browse/fertilizers/product/sai-power-plus-granules-organic-fertilizer,1.0,kg,490.0
Coromandel Superia Micronutrients Fertilizer,Coromandel,495,500,1.0,kg,https://www.kisanshop.in/browse/fertilizers/product/coromandel-superia-micronutrients-fertilizer,1.0,kg,495.0
Katyayani Calcium Nitrate Fertilizer,Katyayani,495,623,880.0,g,https://www.kisanshop.in/browse/fertilizers/product/katyayani-calcium-nitrate-fertilizer,0.88,kg,562.5
GBL Mr Perfect NPK Marcro Nutrients Fertilizer,GBL,499,850,500.0,ml,https://www.kisanshop.in/browse/fertilizers/product/gbl-mr-perfect-npk-marcro-nutrients-fertilizer,0.5,l,998.0
Katyayani Zinc EDTA 12%  Micronutrient Fertilizer,Katyayani,499,830,450.0,g,https://www.kisanshop.in/browse/fertilizers/product/katyayani-zinc-edta-12-micronutrient-fertilizer,0.45,kg,1108.888888888889
T. Stanes BioWrap Plant Protection,T.,499,550,1.0,kg,https://www.kisanshop.in/browse/fertilizers/product/t-stanes-biowrap-plant-protection,1.0,kg,499.0
Katyayani Ferrous Sulphate Fertilizer,Katyayani,499,880,950.0,g,https://www.kisanshop.in/browse/fertilizers/product/katyayani-ferrous-sulphate-fertilizer,0.95,kg,525.2631578947369
Annadata Fericon 25:25:25 Liquid Fertilizer,Annadata,500,900,250.0,ml,https://www.kisanshop.in/browse/fertilizers/product/annadata-fericon-252525-liquid-fertilizer,0.25,l,2000.0
IFFCO Urban Gardens Flora Diet RTU,IFFCO,500,500,1.0,l,https://www.kisanshop.in/browse/fertilizers/product/iffco-urban-gardens-flora-diet-rtu,1.0,l,500.0
Swiss Jadu Organic Plant Growth Enhancer,Swiss,509,950,250.0,g,https://www.kisanshop.in/browse/fertilizers/product/swiss-jadu-organic-plant-growth-enhancer,0.25,kg,2036.0
Katyayani NPK 00:52:34 Fertilizer,Katyayani,515,768,1.0,kg,https://www.kisanshop.in/browse/fertilizers/product/katyayani-npk-00-52-34-fertilizer,1.0,kg,515.0
Aries FertiMax 00:00:50 Fertilizer,Aries,519,544,400.0,g,https://www.kisanshop.in/browse/fertilizers/product/aries-fertimax-000050-fertilizer,0.4,kg,1297.5
Barrix Control Multi Action Plant Growth Supporter,Barrix,520,550,100.0,g,https://www.kisanshop.in/browse/fertilizers/product/barrix-control-multi-action-plant-growth-supporter,0.1,kg,5200.0
Multiplex Swarna Zn Fertilizer,Multiplex,525,770,500.0,g,https://www.kisanshop.in/browse/fertilizers/product/multiplex-swarna-zn-fertilizer,0.5,kg,1050.0
Katyayani Carbon Black Fertilizer,Katyayani,529,625,100.0,g,https://www.kisanshop.in/browse/fertilizers/product/katyayani-carbon-black-fertilizer,0.1,kg,5290.0
Aries MacroFert HD NPK 20:20:20 Fertilizer,Aries,530,666,400.0,g,https://www.kisanshop.in/browse/fertilizers/product/aries-macrofert-hd-npk-202020-fertilizer,0.4,kg,1325.0
Katyayani Growth Sarthi Bio NPK Liquid Consortia Fertilizer,Katyayani,530,1093,1.0,l,https://www.kisanshop.in/browse/fertilizers/product/katyayani-growth-sarthi-bio-fertilizer,1.0,l,530.0
Katyayani Cu 12% Edta Copper Micronutrient Fertilizer,Katyayani,540,979,450.0,g,https://www.kisanshop.in/browse/fertilizers/product/katyayani-cu-12-edta-copper-micronutrient-fertilizer,0.45,kg,1200.0
Katyayani Ammonium Sulphate Fertilizer,Katyayani,540,750,1.0,kg,https://www.kisanshop.in/browse/fertilizers/product/katyayani-ammonium-sulphate-fertilizer,1.0,kg,540.0
Katyayani Water Hold Starch Based Super Absorbent Fertilizer,Katyayani,546,600,1.0,kg,https://www.kisanshop.in/browse/fertilizers/product/katyayani-water-hold-starch-based-super-absorbent-fertilizer,1.0,kg,546.0
Katyayani Boron 20% EDTA  Micronutrient Fertilizer,Katyayani,549,1020,500.0,g,https://www.kisanshop.in/browse/fertilizers/product/katyayani-boron-20-edta-micronutrient-fertilizer,0.5,kg,1098.0
Multiplex MULTIMAG (Magnesium Sulphate) Fertilizer,Multiplex,550,550,5.0,kg,https://www.kisanshop.in/browse/fertilizers/product/multiplex-multimag-fertilizer,5.0,kg,110.0
Katyayani Calcium 10% EDTA Micronutrient Fertilizer,Katyayani,558,800,470.0,g,https://www.kisanshop.in/browse/fertilizers/product/katyayani-calcium-10-edta-micronutrient-fertilizer,0.47,kg,1187.2340425531916
Katyayani Potassium Nitrate Fertilizer,Katyayani,559,650,310.0,g,https://www.kisanshop.in/browse/fertilizers/product/katyayani-potassium-nitrate-fertilizer,0.31,kg,1803.225806451613
Oasis Flash Micronutrient Fertilizer,Oasis,560,700,1.0,l,https://www.kisanshop.in/browse/fertilizers/product/oasis-flash-micronutrient-fertilizer,1.0,l,560.0
Katyayani Mono Potassium Phosphate Fertilizer,Katyayani,560,915,310.0,g,https://www.kisanshop.in/browse/fertilizers/product/katyayani-mono-potassium-phosphate-fertilizer,0.31,kg,1806.4516129032256
Panchratna Mix Micronutrients Chelated Fertilizer,Panchratna,560,780,500.0,g,https://www.kisanshop.in/browse/fertilizers/product/panchratna-mix-micronutrients-chelated-fertilizer,0.5,kg,1120.0
Sahib Zinctech Fertilizer - Zinc Oxide 39.5% SC,Sahib,570,630,500.0,ml,https://www.kisanshop.in/browse/fertilizers/product/sahib-zinctech-fertilizer-zinc-oxide-39-5percent-sc,0.5,l,1140.0
Sulphur Mills Fertis Wg Fertilizer,Sulphur,579,664,3.0,kg,https://www.kisanshop.in/browse/fertilizers/product/sulphur-mills-fertis-wg-fertilizer,3.0,kg,193.0
"Annadata Calonium Calcium Nitrate Fortified With Zn, B, Mg",Annadata,579,825,250.0,ml,https://www.kisanshop.in/browse/fertilizers/product/annadata-calonium-calcium-nitrate-fertilizer,0.25,l,2316.0
GBL Fertimaxx 03:50:50 Fertilizer,GBL,599,950,250.0,ml,https://www.kisanshop.in/browse/fertilizers/product/gbl-fertimaxx-03-50-50-fertilizer,0.25,l,2396.0
Step Grow Saigold Super Micronutrient Fertilizer,Step,599,690,1.0,l,https://www.kisanshop.in/browse/fertilizers/product/step-grow-saigold-super-micronutrient-fertilizer,1.0,l,599.0
Katyayani Growth Sarthi Fertilizer,Katyayani,599,1093,1.0,l,https://www.kisanshop.in/browse/fertilizers/product/katyayani-growth-sarthi-fertilizer,1.0,l,599.0
Katyayani Epsom Salt Magnesium Sulfate,Katyayani,619,2250,1590.0,g,https://www.kisanshop.in/browse/fertilizers/product/katyayani-epsom-salt-magnesium-sulfate,1.59,kg,389.3081761006289
Tropical Agro Nano NPK Fertilizer,Tropical,625,630,500.0,ml,https://www.kisanshop.in/browse/fertilizers/product/tropical-agro-nano-npk-fertilizer,0.5,l,1250.0
Biofix Ajay Potash SF Bio Fertilizers,Biofix,630,630,1.0,l,https://www.kisanshop.in/browse/fertilizers/product/biofix-ajay-potash-sf-bio-fertilizers,1.0,l,630.0
Geolife Bactogang-24,Geolife,631,947,500.0,ml,https://www.kisanshop.in/browse/fertilizers/product/geolife-bactogang-24,0.5,l,1262.0
Tropical K-Potash Organic Seaweed 20% Natural Potash,Tropical,640,700,200.0,g,https://www.kisanshop.in/browse/fertilizers/product/tropical-kpotash-organic-seaweed-20-natural-potash,0.2,kg,3200.0
Annadata Ferticon Nano NPK 03-50-50 Fertilizer,Annadata,650,900,250.0,ml,https://www.kisanshop.in/browse/fertilizers/product/annadata-ferticon-nano-npk-035050-fertilizer,0.25,l,2600.0
Biofix Sphurda SF – Phosphate Solubilizing Bio-Fertilizer,Biofix,670,690,1.0,kg,https://www.kisanshop.in/browse/fertilizers/product/biofix-sphurda-sf-phosphate-solubilizing-biofertilizer,1.0,kg,670.0
Biofix Ajay Azo SF Bio Fertilizer,Biofix,690,690,1.0,l,https://www.kisanshop.in/browse/fertilizers/product/biofix-ajay-azo-sf-bio-fertilizer,1.0,l,690.0
Swal Tekon GR Bio Fertilizer,Swal,699,840,2.0,kg,https://www.kisanshop.in/browse/fertilizers/product/swal-tekon-gr-bio-fertilizer,2.0,kg,349.5
Panchgavya Liquid Organic Fertilizers,Panchgavya,700,700,5.0,ml,https://www.kisanshop.in/browse/fertilizers/product/panchgavya-liquid-organic-fertilizers,0.005,l,140000.0
Shriram Suryamin Biostimulants,Shriram,740,750,1.0,l,https://www.kisanshop.in/browse/fertilizers/product/shriram-suryamin-biostimulants,1.0,l,740.0
Mahindra Zincxpert Liquid Fertilizer,Mahindra,755,825,500.0,ml,https://www.kisanshop.in/browse/fertilizers/product/mahindra-zincxpert-liquid-fertilizer,0.5,l,1510.0
Tropical Agro Tag Sil Fertilizer,Tropical,780,805,500.0,ml,https://www.kisanshop.in/browse/fertilizers/product/tropical-agro-tag-sil-fertilizer,0.5,l,1560.0
Sahib Calesto Fertilizer - Concentrated Liquid Calcium 11%,Sahib,790,900,1.0,l,https://www.kisanshop.in/browse/fertilizers/product/sahib-calesto-fertilizer-concentrated-liquid-calcium-11percent,1.0,l,790.0
Katyayani Manganese EDTA 12% Micronutrient Fertilizer,Katyayani,800,1725,450.0,g,https://www.kisanshop.in/browse/fertilizers/product/katyayani-manganese-fertilizer,0.45,kg,1777.7777777777778
Dharti H-Ultimate Fertilizer,Dharti,800,610,1.0,kg,https://www.kisanshop.in/browse/fertilizers/product/dharti-h-ultimate-fertilizer,1.0,kg,800.0
Geolife Fullmeal Flower 500gm/Acre,Geolife,811,1240,500.0,g,https://www.kisanshop.in/browse/fertilizers/product/geolife-fullmeal-flower-500gm-acre,0.5,kg,1622.0
Geolife Fullmeal Fruit 500gm/Acre,Geolife,829,1257,500.0,g,https://www.kisanshop.in/browse/fertilizers/product/geolife-fullmeal-fruit-500gm-acre,0.5,kg,1658.0
Geolife Single Nutrient Fertilizer with Nano Technology Mn,Geolife,838,895,250.0,g,https://www.kisanshop.in/browse/fertilizers/product/geolife-single-nutrient-fertilizer-with-nano-technology-mn,0.25,kg,3352.0
Shriram Zindrip Zinc Fertilizer,Shriram,840,1100,500.0,ml,https://www.kisanshop.in/browse/fertilizers/product/shriram-zindrip-zinc-fertilizer,0.5,l,1680.0
Biofix Grorich-G Plant Growth Stimulant,Biofix,840,840,5.0,kg,https://www.kisanshop.in/browse/fertilizers/product/biofix-grorichg-plant-growth-stimulant,5.0,kg,168.0
Geolife Single Nutrient Fertilizer with Nano Technology Fe,Geolife,860,950,250.0,g,https://www.kisanshop.in/browse/fertilizers/product/geolife-single-nutrient-fertilizer-with-nano-technology-fe,0.25,kg,3440.0
Shriram Borky Nutrient Fertilizer,Shriram,880,900,500.0,ml,https://www.kisanshop.in/browse/fertilizers/product/shriram-borky-nutrient-fertilizer,0.5,l,1760.0
Multiplex Pranam-Ca Fertilizer,Multiplex,890,990,1.0,l,https://www.kisanshop.in/browse/fertilizers/product/multiplex-pranam-ca-fertilizer,1.0,l,890.0
Katyayani Ammonium Molybdate 52% – Fertilizer,Katyayani,900,1076,100.0,g,https://www.kisanshop.in/browse/fertilizers/product/katyayani-ammonium-molybdate-52percent-fertilizer,0.1,kg,9000.0
T. Stanes Symbion VAM Plus Biofertilizers,T.,900,1110,5.0,kg,https://www.kisanshop.in/browse/fertilizers/product/t-stanes-symbion-vam-plus-biofertilizers,5.0,kg,180.0
Shriram Water Soluble SOP 00:00:50 Fertilizer,Shriram,909,1025,5.0,kg,https://www.kisanshop.in/browse/fertilizers/product/shriram-water-soluble-sop-000050-fertilizer,5.0,kg,181.8
Aries Zn SulfImproves Flower and Fruit Setting,Aries,960,1024,4.0,kg,https://www.kisanshop.in/browse/fertilizers/product/aries-zn-sulfimproves-flower-and-fruit-setting,4.0,kg,240.0
Tropical Agro Nitrorich Fertilizer,Tropical,1040,1065,50.0,g,https://www.kisanshop.in/browse/fertilizers/product/tropical-agro-nitrorich-fertilizer,0.05,kg,20800.0
Geolife Growth Kit for Crops Nutrition & Development,Geolife,1080,1650,450.0,g,https://www.kisanshop.in/browse/fertilizers/product/geolife-growth-kit,0.45,kg,2400.0
Dharti Dhara Fertilizer,Dharti,1080,850,5.0,kg,https://www.kisanshop.in/browse/fertilizers/product/dharti-dhara-fertilizer,5.0,kg,216.0
Katyayani Zinc Sulphate Fertilizer,Katyayani,1099,1978,5.0,kg,https://www.kisanshop.in/browse/fertilizers/product/katyayani-zinc-sulphate-fertilizer,5.0,kg,219.8
IFFCO Urban Gardens Epsom Salt Meal,IFFCO,1100,1100,4.5,kg,https://www.kisanshop.in/browse/fertilizers/product/iffco-urban-gardens-epsom-salt-meal,4.5,kg,244.44444444444449
Sumitomo Sumi Blue Diamond Plant Growth Regulator,Sumitomo,1100,1125,5.0,kg,https://www.kisanshop.in/browse/fertilizers/product/sumitomo-sumi-blue-diamond-plant-growth-regulator,5.0,kg,220.0
Multiplex Boron Fertilizer,Multiplex,1110,1570,4.0,kg,https://www.kisanshop.in/browse/fertilizers/product/multiplex-boron-fertilizer,4.0,kg,277.5
Syngenta Coucal Fertilizer - Diatomite Silicon GR,Syngenta,1115,1249,5.0,kg,https://www.kisanshop.in/browse/fertilizers/product/syngenta-coucal-fertilizer-diatomite-silicon-gr,5.0,kg,223.0
Ramcides VesoMax Nitrogen 7% + Phosphorus 21% Liquid Fertilizer,Ramcides,1120,1200,1.0,l,https://www.kisanshop.in/browse/fertilizers/product/ramcides-vesomax-nitrogen-7-phosphorus-21-liquid-fertilizer,1.0,l,1120.0
Multiplex Orthosil Silicon Fertilizer,Multiplex,1130,1720,1.0,l,https://www.kisanshop.in/browse/fertilizers/product/multiplex-orthosil-silicon-fertilizer,1.0,l,1130.0
Biofix Ajay VAM Bio Fertilizer,Biofix,1150,1150,200.0,g,https://www.kisanshop.in/browse/fertilizers/product/biofix-ajay-vam-bio-fertilizer,0.2,kg,5750.0
FERT Organic Granules – Organic Fertilizer,FERT,1210,1570,4.0,kg,https://www.kisanshop.in/browse/fertilizers/product/fert-organic-granules-organic-fertilizer,4.0,kg,302.5
Reliable Blossom 14:48:00 High Phosphorus Fertilizer,Reliable,1290,2100,250.0,g,https://www.kisanshop.in/browse/fertilizers/product/reliable-blossom-high-phosphorus-fertilizer,0.25,kg,5160.0
Katyayani Manganese Sulphate Fertilizer,Katyayani,1299,1598,25.0,kg,https://www.kisanshop.in/browse/fertilizers/product/katyayani-manganese-sulphate-fertilizer,25.0,kg,51.96
Coromandel Sulphamax Fertilizer,Coromandel,1299,1350,10.0,kg,https://www.kisanshop.in/browse/fertilizers/product/coromandel-sulphamax-fertilizer,10.0,kg,129.9
Willowood Brand GR Plus Plant Growth Regulators,Willowood,1399,1500,10.0,kg,https://www.kisanshop.in/browse/fertilizers/product/willowood-brand-gr-plus-plant-growth-regulators,10.0,kg,139.9
IFFCO Sagarika + Neeranj + All Rounder Plus Combo Fertilizer,IFFCO,1550,1550,1.0,l,https://www.kisanshop.in/browse/fertilizers/product/iffco-sagarika-neeranj-all-rounder-plus-combo-fertilizer,1.0,l,1550.0
Katyayani NPK 00 00 50 Fertilizer,Katyayani,1594,2440,25.0,kg,https://www.kisanshop.in/browse/fertilizers/product/katyayani-npk-00-00-50-fertilizer,25.0,kg,63.76
FMC Petra Biosolution Organic Matter for Soil Fertility,FMC,1600,1800,1.0,l,https://www.kisanshop.in/browse/fertilizers/product/fmc-petra-biosolution-organic-matter-for-soil-fertility,1.0,l,1600.0
Shivalik Zoxitop Fungicide - Azoxystrobin 18.2% + Difenoconazole 11.4% SC,Shivalik,1630,2500,500.0,ml,https://www.kisanshop.in/browse/fertilizers/product/shivalik-zoxitop-fungicide-azoxystrobin-18-2percent-difenoconazole-11-4percent-sc,0.5,l,3260.0
Katyayani Zinc Oxide 39.5% SC Micronutrients Fertilizer,Katyayani,6693,12699,5.0,l,https://www.kisanshop.in/browse/fertilizers/product/katyayani-zinc-oxide-39-5percent-sc-micronutrients-fertilizer,5.0,l,1338.6
Katyayani Iron Edta Micronutrient,Katyayani,7988,11920,10.0,kg,https://www.kisanshop.in/browse/fertilizers/product/katyayani-iron-edta-micronutrient,10.0,kg,798.8
Katyayani CMS Fertilizer,Katyayani,21911,33000,20000.0,kg,https://www.kisanshop.in/browse/fertilizers/product/katyayani-cms-fertilizer,20000.0,kg,1.09555
